Event_Id,Section,Quantity,Price,Row,Availability
162,998,1,42,GA,
162,406,2,46,3,
162,998,12,50,GA1,
162,436,2,59,6,
162,524,2,62,2,
162,406,2,62,8,
162,403,3,63,10,
162,223,1,63,17,
162,239,2,67,7,
162,240,2,67,14,
162,236,2,68,11,
162,242,2,68,4,
162,208,2,70,14,
162,300,2,76,GA,
162,300,2,77,GA,
162,140,2,76,7,
162,226,2,79,16,
162,139,2,89,12,
162,219,4,90,14,
162,105,2,92,13,
162,105,2,97,8,
162,235,4,97,11,
162,133,1,97,8,
162,211,2,125,5,
162,300,2,125,GA1,
162,117,3,183,13,
162,220,2,877,14,
164,997,12,17,1,
164,510,3,19,9,
164,512,1,20,8,
164,510,2,22,7,
164,510,2,22,10,
164,542,3,23,7,
164,518,3,23,7,
164,544,2,23,10,
164,530,4,24,12,
164,508,6,25,6,
164,997,4,25,G00,
164,997,8,27,PASS..,
164,516,4,26,2,
164,544,3,26,11,
164,533,4,27,8,
164,527,4,27,3,
164,507,2,27,2,
164,557,6,29,5,
164,565,8,28,11,
164,552,7,29,1,
164,537,2,29,4,
164,534,4,29,7,
164,533,4,29,9,
164,518,4,31,8,
164,510,8,30,8,
164,527,2,30,5,
164,558,2,30,1,
164,554,8,30,3,
164,528,3,30,2,
164,533,4,30,8,
164,518,6,31,7,
164,506,5,31,4,
164,537,4,31,2,
164,518,11,34,12,
164,557,4,32,1,
164,544,10,32,3,
164,524,4,32,7,
164,535,4,32,7,
164,565,8,34,10,
164,530,6,34,8,
164,520,3,35,5,
164,550,2,35,6,
164,107,4,35,16,
164,557,4,37,1,
164,102,2,36,8,
164,109,2,36,14,
164,159,4,36,13,
164,540,8,36,8,
164,552,4,38,1,
164,508,6,36,16,
164,510,8,36,2,
164,506,10,36,14,
164,506,10,36,13,
164,506,10,37,12,
164,526,10,37,5,
164,530,4,37,7,
164,110,3,37,6,
164,508,18,38,15,
164,516,4,38,1,
164,522,7,38,15,
164,544,4,39,14,
164,544,4,39,14,
164,546,22,39,12,
164,507,18,39,13,
164,507,18,39,14,
164,508,10,39,11,
164,552,15,40,4,
164,528,6,40,9,
164,147,2,40,18,
164,110,5,40,15,
164,522,3,40,14,
164,534,5,41,3,
164,163,2,41,7,
164,161,3,41,26,
164,161,4,41,26,
164,103,4,42,16,
164,552,11,42,3,
164,546,20,42,11,
164,514,14,42,7,
164,110,7,43,18,
164,150,8,43,34,
164,507,8,43,12,
164,528,3,45,1,
164,508,18,43,13,
164,508,18,43,14,
164,534,6,44,9,
164,103,4,44,7,
164,524,22,44,8,
164,158,6,45,11,
164,158,6,45,13,
164,115,2,45,19,
164,161,2,45,4,
164,537,6,47,10,
164,509,8,47,12,
164,537,8,47,4,
164,161,5,47,6,
164,163,3,46,14,
164,107,9,48,14,
164,162,2,48,3,
164,162,2,48,3,
164,507,6,48,5,
164,557,8,48,6,
164,544,4,48,13,
164,548,4,48,8,
164,544,12,48,12,
164,544,4,48,13,
164,154,3,49,17,
164,508,10,49,10,
164,527,6,49,5,
164,150,8,49,33,
164,160,2,49,5,
164,556,2,49,6,
164,565,8,49,17,
164,508,6,49,17,
164,507,8,49,7,
164,509,4,49,7,
164,557,8,49,13,
164,556,8,49,13,
164,565,6,49,8,
164,506,4,49,10,
164,558,4,49,12,
164,537,2,53,1,
164,107,6,51,10,
164,557,4,52,9,
164,116,6,50,35,
164,102,4,50,3,
164,558,2,51,3,
164,146,2,50,15,
164,163,5,51,3,
164,527,4,53,1,
164,506,2,52,3,
164,552,8,52,9,
164,520,6,52,21,
164,520,4,52,18,
164,548,2,52,12,
164,516,8,52,15,
164,550,8,52,13,
164,536,5,51,6,
164,544,4,52,14,
164,544,6,52,20,
164,554,4,52,4,
164,518,8,52,14,
164,554,8,52,7,
164,546,8,52,13,
164,510,6,52,11,
164,512,8,52,12,
164,510,8,52,12,
164,548,8,52,13,
164,514,2,52,21,
164,516,4,52,13,
164,552,2,52,7,
164,552,6,52,8,
164,550,6,52,12,
164,159,4,55,9,
164,152,4,51,6,
164,114,8,51,21,
164,118,2,52,12,
164,509,3,53,14,
164,544,2,52,11,
164,565,8,53,16,
164,506,3,53,7,
164,509,5,53,14,
164,508,3,53,8,
164,507,8,53,15,
164,544,8,52,11,
164,544,4,52,12,
164,544,4,52,10,
164,103,4,53,2,
164,117,2,53,11,
164,158,2,53,9,
164,536,10,53,4,
164,158,10,53,14,
164,516,2,54,3,
164,528,7,53,5,
164,531,18,53,17,
164,535,1,55,1,
164,530,18,53,16,
164,533,11,53,18,
164,118,4,54,19,
164,101,11,54,2,
164,548,3,55,7,
164,506,9,54,15,
164,509,5,54,13,
164,565,4,54,10,
164,565,4,54,10,
164,565,18,54,14,
164,565,16,54,15,
164,565,4,54,9,
164,556,5,54,12,
164,556,18,54,15,
164,557,18,54,15,
164,509,2,54,15,
164,512,8,55,13,
164,550,5,55,10,
164,103,4,55,3,
164,152,4,55,6,
164,154,8,55,14,
164,546,3,56,4,
164,554,8,56,10,
164,552,8,56,10,
164,544,3,56,7,
164,550,3,56,7,
164,520,5,56,15,
164,518,2,56,4,
164,510,7,55,1,
164,516,2,56,2,
164,159,4,58,8,
164,542,2,54,2,
164,106,4,56,9,
164,152,8,55,4,
164,152,4,55,5,
164,535,10,56,3,
164,155,11,56,16,
164,103,5,56,3,
164,159,8,57,13,
164,544,8,57,6,
164,544,6,57,7,
164,548,8,61,9,
164,527,6,54,3,
164,163,4,56,25,
164,509,6,59,9,
164,103,4,58,5,
164,509,2,59,9,
164,565,2,59,7,
164,117,3,59,12,
164,155,11,60,17,
164,531,8,61,20,
164,528,6,61,12,
164,161,21,59,27,
164,530,8,61,18,
164,522,4,61,8,
164,527,8,61,13,
164,112,8,60,17,
164,526,4,57,2,
164,159,3,61,2,
164,110,2,63,12,
164,101,4,62,3,
164,114,8,62,14,
164,162,2,63,3,
164,156,2,62,11,
164,159,6,67,5,
164,538,2,65,8,
164,526,4,65,15,
164,526,2,65,10,
164,522,6,65,13,
164,540,2,65,7,
164,528,8,65,18,
164,537,6,63,1,
164,524,8,65,18,
164,533,6,65,19,
164,534,8,65,21,
164,534,6,65,20,
164,527,8,65,14,
164,526,8,65,18,
164,524,2,65,12,
164,530,8,65,21,
164,522,8,65,20,
164,153,6,63,3,
164,542,2,66,4,
164,536,3,66,7,
164,542,3,66,20,
164,535,2,66,8,
164,537,4,66,7,
164,528,3,66,7,
164,527,4,66,8,
164,529,4,66,7,
164,536,2,66,9,
164,530,8,66,19,
164,160,2,67,10,
164,121,4,65,29,
164,101,4,65,4,
164,120,2,65,26,
164,162,6,65,4,
164,531,8,67,21,
164,102,4,65,2,
164,137,2,67,28,
164,163,6,67,4,
164,110,2,67,12,
164,154,2,67,6,
164,160,2,67,3,
164,115,6,71,16,
164,538,5,65,1,
164,117,4,70,13,
164,159,5,72,6,
164,159,5,72,7,
164,115,6,72,15,
164,115,8,72,17,
164,120,4,71,18,
164,160,8,71,4,
164,106,5,73,26,
164,344,4,74,3,
164,164,8,74,3,
164,161,4,75,12,
164,161,4,75,12,
164,138,4,76,22,
164,162,6,76,6,
164,140,2,76,26,
164,136,2,77,28,
164,161,10,77,5,
164,131,4,78,27,
164,147,2,78,2,
164,162,23,78,24,
164,161,4,84,7,
164,107,10,79,19,
164,136,2,79,27,
164,135,4,80,19,
164,136,4,80,26,
164,148,8,80,13,
164,120,4,80,25,
164,538,2,82,4,
164,538,4,82,3,
164,107,2,81,11,
164,107,4,81,12,
164,320,3,82,5,
164,130,4,82,25,
164,536,3,84,2,
164,535,3,84,2,
164,533,2,84,3,
164,526,3,84,2,
164,540,3,84,5,
164,537,4,84,3,
164,527,2,84,2,
164,529,2,84,2,
164,530,2,84,5,
164,533,2,84,4,
164,138,4,86,26,
164,344,2,83,3,
164,138,4,83,19,
164,163,10,83,3,
164,145,4,83,14,
164,164,7,84,7,
164,142,4,86,19,
164,123,6,86,27,
164,346,2,86,4,
164,110,2,88,14,
164,155,8,88,31,
164,109,8,88,30,
164,109,6,88,28,
164,143,4,87,16,
164,565,10,87,12,
164,565,10,87,11,
164,506,6,87,9,
164,506,9,87,8,
164,509,3,87,10,
164,509,4,87,7,
164,556,9,87,11,
164,556,4,87,12,
164,509,4,87,8,
164,509,4,87,8,
164,143,4,88,21,
164,117,2,87,2,
164,508,2,88,2,
164,141,5,92,13,
164,120,4,89,13,
164,156,4,91,20,
164,109,5,91,25,
164,108,4,91,23,
164,154,3,91,13,
164,102,6,89,2,
164,108,3,90,13,
164,108,2,90,16,
164,108,2,90,17,
164,142,4,90,21,
164,123,7,91,17,
164,114,2,94,1,
164,109,2,93,23,
164,108,2,93,19,
164,154,3,93,15,
164,101,4,98,12,
164,120,4,92,21,
164,113,2,92,6,
164,136,4,95,23,
164,138,2,95,21,
164,140,4,92,20,
164,125,6,92,28,
164,350,4,92,3,
164,160,2,94,1,
164,350,2,95,3,
164,136,8,95,29,
164,142,4,95,22,
164,164,4,103,11,
164,141,4,98,31,
164,144,8,97,15,
164,117,4,97,27,
164,136,4,97,18,
164,120,4,98,12,
164,129,2,98,14,
164,144,8,98,23,
164,120,8,99,22,
164,130,6,106,18,
164,147,2,100,2,
164,149,2,100,1,
164,143,10,100,26,
164,162,8,108,21,
164,140,4,103,33,
164,100,2,102,3,
164,113,4,102,5,
164,352,3,102,1,
164,163,13,102,2,
164,132,5,102,19,
164,340,6,102,2,
164,316,6,102,2,
164,135,6,103,14,
164,135,2,104,28,
164,102,2,103,1,
164,342,4,104,2,
164,150,2,104,35,
164,145,2,105,4,
164,141,4,105,14,
164,164,2,107,3,
164,156,3,107,13,
164,156,3,107,15,
164,156,3,107,16,
164,139,4,107,32,
164,163,4,108,5,
164,163,3,108,12,
164,164,2,108,10,
164,162,4,108,12,
164,160,4,108,12,
164,161,2,108,5,
164,342,6,107,3,
164,124,4,107,24,
164,156,2,109,12,
164,156,3,109,14,
164,156,2,109,17,
164,159,2,110,8,
164,102,4,110,7,
164,159,2,110,7,
164,158,4,110,8,
164,103,2,110,28,
164,106,2,110,10,
164,159,4,110,27,
164,118,4,112,6,
164,141,6,109,19,
164,119,2,113,2,
164,144,4,110,12,
164,148,4,117,8,
164,122,2,110,15,
164,346,4,112,1,
164,137,2,110,12,
164,348,4,111,4,
164,119,10,111,9,
164,342,4,111,3,
164,318,3,114,5,
164,141,8,114,24,
164,143,5,114,25,
164,326,10,115,3,
164,350,4,118,1,
164,146,8,123,28,
164,146,8,123,29,
164,118,2,122,5,
164,145,3,119,3,
164,143,10,119,24,
164,146,4,127,2,
164,128,5,122,24,
164,320,10,120,1,
164,125,8,120,19,
164,318,10,120,2,
164,121,2,128,7,
164,121,10,124,20,
164,122,4,127,24,
164,128,3,128,22,
164,128,3,131,14,
164,346,5,127,1,
164,132,2,128,17,
164,117,6,129,2,
164,122,8,129,21,
164,316,6,129,3,
164,122,4,133,23,
164,516,22,142,11,
164,516,22,142,12,
164,522,22,142,10,
164,522,22,142,11,
164,137,2,134,17,
164,131,3,134,17,
164,132,3,134,17,
164,135,3,134,17,
164,118,4,134,2,
164,335,2,134,5,
164,348,5,135,1,
164,137,4,137,19,
164,348,8,138,1,
164,126,2,142,8,
164,123,2,138,10,
164,121,4,141,6,
164,140,4,142,9,
164,143,2,144,7,
164,132,3,144,16,
164,135,3,144,16,
164,326,4,144,2,
164,340,5,144,3,
164,131,4,144,16,
164,120,3,154,28,
164,134,6,146,19,
164,133,3,160,24,
164,125,4,152,17,
164,123,6,152,18,
164,124,6,153,14,
164,137,4,154,9,
164,123,4,156,9,
164,120,8,163,29,
164,120,8,163,30,
164,120,8,163,31,
164,129,4,159,8,
164,138,4,159,9,
164,141,2,162,9,
164,137,2,162,14,
164,139,4,162,15,
164,127,3,162,7,
164,127,3,162,8,
164,127,8,160,25,
164,127,4,162,9,
164,127,4,168,19,
164,135,2,169,7,
164,137,4,171,13,
164,138,4,171,13,
164,140,4,171,13,
164,128,3,177,12,
164,129,4,177,11,
164,125,4,178,8,
164,121,2,179,5,
164,141,2,187,10,
164,122,4,187,10,
164,121,3,188,2,
164,124,6,199,10,
164,124,4,199,9,
164,128,4,204,8,
164,139,6,204,11,
164,139,4,204,10,
164,159,6,204,17,
164,146,2,202,1,
164,121,2,224,5,
164,122,4,226,7,
164,139,2,261,5,
164,126,8,295,27,
164,340,4,317,6,
164,128,6,340,6,
164,2002,2,387,B3,
164,123,4,408,5,
164,1330,4,423,5,
164,133,8,485,28,
164,137,6,485,33,
164,139,4,485,32,
164,139,4,485,33,
164,1310,6,574,6,
164,106,2,758,10,
164,146,8,941,30,
164,146,8,941,31,
164,152,2,100,3,
164,138,2,140,33,
164,124,2,150,10,
107,203,1,77,8,
107,236,1,78,20,
107,236,1,78,20,
107,233,1,78,15,
107,237,1,79,30,
107,207,1,83,7,
107,207,1,83,7,
107,237,1,83,11,
107,236,1,83,10,
107,2006,1,87,GA,
107,243,1,88,14,
107,210,1,88,5,
107,203,1,89,1,
107,2005,1,92,GA,
107,2009,13,94,SR,
107,93,1,101,QQ,
107,2006,10,95,GA,
107,242,1,97,10,
107,241,1,99,19,
107,241,1,101,18,
107,241,1,103,17,
107,204,1,102,1,
107,2005,4,102,GA,
107,241,1,105,16,
107,242,1,106,16,
107,0,2,106,48,
107,2009,24,106,GA,
107,203,2,111,9,
107,206,2,115,9,
107,207,1,110,1,
107,2005,12,110,GA,
107,2006,12,110,GA,
107,203,4,116,10,
107,207,2,116,10,
107,238,2,111,28,
107,205,3,118,10,
107,207,2,119,9,
107,233,2,121,14,
107,203,4,121,6,
107,205,4,121,5,
107,206,6,117,10,
107,209,2,118,10,
107,208,4,118,10,
107,239,6,117,46,
107,207,2,123,9,
107,2005,12,119,GA,
107,2009,30,119,GA,
107,241,1,119,3,
107,2006,6,119,GA,
107,210,2,125,7,
107,202,2,125,8,
107,207,4,119,10,
107,203,4,125,9,
107,203,2,125,7,
107,206,4,120,10,
107,204,5,121,10,
107,203,4,127,8,
107,242,2,121,29,
107,205,3,122,9,
107,203,7,122,10,
107,204,2,128,2,
107,209,4,123,9,
107,203,3,124,9,
107,238,2,125,30,
107,2006,18,124,GA,
107,242,10,124,28,
107,207,2,124,1,
107,205,4,124,11,
107,241,6,124,48,
107,209,4,125,8,
107,207,4,125,7,
107,206,4,126,7,
107,212,2,144,8,
107,202,4,127,7,
107,89,8,128,PP,
107,2005,7,128,GA,
107,232,4,128,10,
107,202,3,128,7,
107,209,2,128,6,
107,210,2,129,13,
107,210,2,129,14,
107,204,8,129,7,
107,206,7,130,6,
107,202,6,131,6,
107,238,3,132,5,
107,203,3,132,4,
107,212,2,149,5,
107,243,1,132,4,
107,232,4,132,9,
107,0,2,132,28,
107,90,3,131,RR,
107,92,2,131,SS,
107,243,2,132,38,
107,206,5,132,4,
107,206,4,137,7,
107,206,7,133,3,
107,230,2,145,9,
107,210,2,147,2,
107,94,1,140,XX,
107,90,3,135,NN,
107,227,3,140,5,
107,242,3,151,24,
107,236,3,151,26,
107,212,3,157,11,
107,239,2,157,42,
107,91,4,139,WW,
107,90,3,140,SS,
107,212,4,136,8,
107,237,4,140,30,
107,241,2,140,13,
107,93,2,139,KK,
107,208,4,148,8,
107,241,2,160,44,
107,97,1,152,BB,
107,202,2,160,7,
107,329,3,141,C,
107,87,2,161,UU,
107,201,2,162,6,
107,91,6,143,TT,
107,237,2,147,15,
107,93,2,163,VV,
107,227,3,149,7,
107,242,4,141,22,
107,242,2,164,33,
107,242,2,164,33,
107,242,2,164,34,
107,242,2,164,34,
107,242,2,164,38,
107,243,2,164,35,
107,87,2,164,RR,
107,203,2,164,3,
107,94,1,151,WW,
107,232,4,148,11,
107,206,6,154,6,
107,203,1,167,6,
107,230,2,150,6,
107,87,2,168,TT,
107,239,2,168,38,
107,228,2,148,6,
107,242,4,152,21,
107,201,2,169,5,
107,203,2,169,4,
107,203,2,169,4,
107,0,2,152,8,
107,102,1,153,KK,
107,242,4,153,21,
107,202,2,170,4,
107,202,2,170,5,
107,211,4,162,12,
107,238,2,170,39,
107,239,2,170,37,
107,94,2,153,KK,
107,242,2,171,29,
107,242,2,171,30,
107,242,2,171,30,
107,93,2,155,NN,
107,211,2,154,7,
107,243,2,171,33,
107,243,2,171,34,
107,243,2,171,34,
107,238,2,171,26,
107,203,2,171,5,
107,204,2,171,10,
107,94,1,154,KK,
107,229,2,155,15,
107,202,4,174,15,
107,236,4,159,17,
107,241,2,175,31,
107,204,2,175,6,
107,204,2,175,9,
107,204,2,175,9,
107,204,2,175,9,
107,204,2,175,9,
107,237,2,175,20,
107,237,2,175,20,
107,236,2,175,23,
107,229,1,153,6,
107,238,2,175,23,
107,227,2,157,18,
107,202,3,176,9,
107,202,3,176,9,
107,212,2,158,3,
107,238,1,176,20,
107,205,14,165,7,
107,218,1,159,10,
107,93,4,159,JJ,
107,335,2,160,B,
107,230,2,160,5,
107,341,2,160,C,
107,92,3,161,P P,
107,202,4,179,14,
107,0,2,161,6,
107,90,4,179,XX,
107,237,4,161,6,
107,213,1,162,12,
107,224,2,171,7,
107,205,13,168,7,
107,237,6,159,25,
107,95,1,162,PP,
107,323,2,166,B,
107,243,2,165,10,
107,88,7,162,VV,
107,92,2,162,JJ,
107,241,4,181,44,
107,243,3,181,39,
107,206,6,167,5,
107,242,2,182,26,
107,206,2,182,10,
107,242,2,182,27,
107,237,2,182,19,
107,206,2,182,2,
107,202,3,182,7,
107,226,2,165,9,
107,236,2,182,22,
107,202,4,182,5,
107,203,3,182,3,
107,238,2,182,18,
107,238,2,182,18,
107,238,2,182,18,
107,94,2,182,XX,
107,237,4,166,6,
107,205,12,171,6,
107,212,2,184,15,
107,243,4,184,40,
107,90,3,184,TT,
107,91,4,184,UU,
107,213,1,169,8,
107,214,4,179,10,
107,225,2,168,8,
107,237,2,168,13,
107,94,1,169,VV,
107,215,2,166,15,
107,333,2,178,D,
107,232,2,167,11,
107,204,2,186,5,
107,206,2,186,7,
107,206,2,186,7,
107,206,2,186,8,
107,206,2,186,9,
107,241,4,186,30,
107,205,10,174,6,
107,203,3,186,10,
107,205,3,186,14,
107,333,8,167,F,
107,202,6,188,15,
107,203,4,188,4,
107,335,3,165,F,
107,205,17,176,5,
107,242,4,189,34,
107,333,8,170,G,
107,203,3,189,8,
107,90,3,189,SS,
107,243,4,190,38,
107,329,1,171,D,
107,238,3,190,23,
107,238,3,190,23,
107,89,4,190,VV,
107,87,7,191,XX,
107,243,3,191,36,
107,93,6,182,RR,
107,90,10,172,UU,
107,3,10,172,K,
107,237,2,193,16,
107,237,2,193,16,
107,237,2,193,16,
107,206,2,193,1,
107,238,4,193,24,
107,206,4,193,9,
107,236,3,193,23,
107,211,2,193,10,
107,242,4,193,30,
107,93,2,193,LL,
107,93,2,193,LL,
107,93,2,175,EE,
107,207,2,193,6,
107,238,2,193,13,
107,238,2,193,16,
107,204,3,193,5,
107,93,2,193,PP,
107,93,2,193,PP,
107,206,3,193,8,
107,243,3,193,26,
107,237,2,193,13,
107,237,4,193,27,
107,90,6,194,VV,
107,243,4,194,34,
107,227,8,179,18,
107,0,2,185,11,
107,227,1,179,6,
107,95,2,172,SS,
107,221,3,178,18,
107,211,2,196,9,
107,87,3,196,TT,
107,204,4,197,3,
107,204,4,197,3,
107,204,4,197,4,
107,93,4,197,VV,
107,402,3,188,A,
107,0,2,179,3,
107,414,10,179,C,
107,94,4,187,SS,
107,241,2,179,24,
107,3,8,190,J,
107,214,2,180,12,
107,93,2,184,EE,
107,217,3,182,15,
107,93,2,204,HH,
107,238,4,204,17,
107,212,2,204,6,
107,202,17,204,15,
107,238,2,204,12,
107,238,2,204,12,
107,212,2,204,3,
107,232,2,204,12,
107,237,2,204,10,
107,232,2,204,4,
107,232,2,204,8,
107,93,4,204,TT,
107,236,3,204,18,
107,237,4,204,19,
107,212,2,205,7,
107,237,6,186,3,
107,87,6,206,VV,
107,212,4,207,4,
107,223,3,207,11,
107,229,2,207,7,
107,414,8,187,C,
107,241,23,208,45,
107,202,23,208,13,
107,207,2,208,1,
107,207,2,208,1,
107,87,3,208,PP,
107,87,3,208,PP,
107,230,2,208,2,
107,230,2,208,5,
107,230,2,208,6,
107,212,2,208,4,
107,212,2,208,4,
107,236,4,208,16,
107,207,3,208,6,
107,233,2,208,3,
107,237,2,174,22,
107,227,2,210,1,
107,2,2,190,K,
107,242,2,176,47,
107,226,2,190,15,
107,93,2,190,FF,
107,95,2,190,SS,
107,94,2,190,SS,
107,410,3,204,B,
107,87,6,213,UU,
107,232,2,213,12,
107,158,2,193,LL,
107,242,2,178,45,
107,87,8,214,WW,
107,212,6,214,14,
107,94,6,199,PP,
107,206,7,215,7,
107,207,4,215,5,
107,211,10,195,12,
107,94,3,215,XX,
107,213,4,193,10,
107,203,32,215,13,
107,2,2,215,N,
107,226,6,195,14,
107,94,2,215,LL,
107,94,2,215,LL,
107,87,3,215,NN,
107,87,3,215,NN,
107,209,2,215,14,
107,236,3,215,17,
107,2,2,195,H,
107,237,2,180,18,
107,242,2,180,43,
107,94,2,196,PP,
107,225,5,194,11,
107,229,7,218,13,
107,242,2,182,41,
107,237,2,183,16,
107,238,4,219,16,
107,94,3,219,WW,
107,2,2,219,M,
107,203,31,219,12,
107,4,2,219,F,
107,4,2,219,H,
107,87,7,219,SS,
107,2,2,201,J,
107,236,2,219,9,
107,93,4,219,NN,
107,93,4,219,NN,
107,241,6,219,43,
107,93,2,183,XX,
107,226,2,199,12,
107,211,4,195,10,
107,94,2,200,NN,
107,227,4,201,4,
107,412,2,201,B,
107,93,2,202,FF,
107,331,1,207,C,
107,900,6,204,SR,
107,900,2,204,SR,
107,94,2,204,PP,
107,333,4,208,A,
107,230,6,225,14,
107,227,3,225,1,
107,215,4,199,13,
107,161,4,206,HH,
107,90,4,206,MM,
107,94,4,226,SS,
107,225,2,226,14,
107,225,2,226,14,
107,210,3,226,2,
107,237,2,226,7,
107,237,2,226,7,
107,94,4,226,UU,
107,94,4,226,UU,
107,237,3,226,10,
107,94,2,226,GG,
107,237,6,226,17,
107,163,2,226,LL,
107,104,2,201,PP,
107,232,4,226,4,
107,241,6,226,42,
107,2,1,206,M,
107,212,2,207,15,
107,217,3,208,11,
107,900,7,206,GA,
107,94,2,209,EE,
107,223,3,209,1,
107,95,2,230,LL,
107,4,2,211,J,
107,87,6,230,MM,
107,238,5,230,10,
107,900,1,221,GA,
107,243,2,230,8,
107,237,4,230,10,
107,329,2,230,A,
107,236,2,230,8,
107,236,2,230,8,
107,222,2,230,8,
107,240,2,230,6,
107,93,2,195,WW,
107,215,2,210,11,
107,900,4,211,SR,
107,94,2,212,GG,
107,212,2,212,13,
107,3,2,217,E,
107,225,1,217,5,
107,227,4,235,13,
107,162,4,236,MM,
107,225,2,237,5,
107,238,21,237,19,
107,226,2,237,11,
107,226,2,237,7,
107,162,2,237,HH,
107,209,4,237,17,
107,237,6,237,16,
107,93,6,237,PP,
107,5,2,237,K,
107,237,2,237,5,
107,237,2,237,5,
107,94,4,237,PP,
107,94,4,237,QQ,
107,94,4,237,QQ,
107,94,4,237,QQ,
107,237,2,237,6,
107,237,2,237,6,
107,225,2,237,10,
107,95,2,237,JJ,
107,222,4,216,9,
107,104,2,212,MM,
107,212,2,216,12,
107,231,4,216,9,
107,227,2,216,11,
107,211,2,216,8,
107,228,2,216,9,
107,214,2,216,12,
107,900,4,218,SR,
107,2,2,220,J,
107,87,6,241,LL,
107,226,2,241,13,
107,213,2,241,7,
107,95,4,241,UU,
107,325,2,241,C,
107,93,4,241,KK,
107,227,4,241,6,
107,237,4,241,8,
107,325,2,241,F,
107,237,4,241,8,
107,230,2,241,1,
107,94,6,241,UU,
107,95,2,241,HH,
107,94,4,241,RR,
107,900,1,223,SRO,
107,211,2,205,16,
107,160,2,243,KK,
107,217,3,243,13,
107,102,4,220,MM,
107,162,4,220,FF,
107,408,2,223,B,
107,94,2,221,EE,
107,212,2,221,12,
107,215,2,231,2,
107,228,2,223,8,
107,162,3,236,DD,
107,162,4,247,HH,
107,900,4,225,SR,
107,406,2,248,B,
107,410,4,248,D,
107,161,2,248,DD,
107,94,2,248,CC,
107,94,2,248,EE,
107,323,2,248,A,
107,95,4,248,TT,
107,233,6,248,3,
107,237,2,248,4,
107,208,6,248,5,
107,93,8,248,NN,
107,207,9,248,6,
107,94,2,209,RR,
107,900,4,225,GA1,
107,93,2,210,RR,
107,211,2,210,14,
107,408,2,249,B,
107,7,2,226,G,
107,215,2,226,5,
107,213,6,226,8,
107,217,4,226,14,
107,93,2,227,LL,
107,93,2,227,KK,
107,227,4,250,11,
107,408,4,250,C,
107,3,10,240,J,
107,226,4,250,12,
107,158,2,251,JJ,
107,6,4,228,G,
107,7,2,228,F,
107,6,2,230,J,
107,410,2,251,B,
107,231,4,228,8,
107,900,3,232,SRO,
107,900,4,232,SRO,
107,208,8,252,6,
107,214,2,252,9,
107,213,4,252,5,
107,160,4,252,JJ,
107,404,4,252,D,
107,214,2,252,11,
107,227,5,252,2,
107,94,6,252,QQ,
107,95,2,252,EE,
107,6,2,252,J,
107,231,2,252,1,
107,403,2,252,E,
107,2,4,252,L,
107,160,2,252,EE,
107,103,4,226,JJ,
107,161,2,230,JJ,
107,161,2,230,HH,
107,213,6,230,6,
107,211,4,231,7,
107,80,2,245,E,
107,223,6,236,5,
107,160,4,226,GG,
107,102,4,233,JJ,
107,225,6,235,3,
107,407,2,259,B,
107,210,10,259,12,
107,94,4,259,HH,
107,159,2,235,DD,
107,2,3,259,H,
107,93,8,259,LL,
107,160,2,259,CC,
107,6,2,259,G,
107,218,3,236,1,
107,71,2,260,K,
107,71,2,260,K,
107,211,2,220,12,
107,157,4,231,HH,
107,237,4,263,5,
107,94,4,263,GG,
107,93,6,263,GG,
107,402,4,263,D,
107,101,4,263,KK,
107,223,2,263,7,
107,402,2,263,C,
107,214,2,263,3,
107,403,2,263,C,
107,101,4,263,LL,
107,79,4,253,H,
107,225,2,240,11,
107,226,4,240,17,
107,218,6,245,4,
107,160,2,240,NN,
107,94,4,240,XX,
107,229,4,240,12,
107,218,2,240,14,
107,101,4,224,LL,
107,6,2,242,K,
107,80,4,257,G,
107,215,4,244,10,
107,222,2,244,3,
107,214,2,270,4,
107,102,2,270,EE,
107,214,2,270,5,
107,237,10,270,12,
107,209,8,270,7,
107,214,2,270,8,
107,97,2,270,PP,
107,208,7,270,1,
107,105,2,270,JJ,
107,159,2,245,GG,
107,218,4,270,12,
107,150,4,245,MM,
107,102,4,245,LL,
107,215,2,270,11,
107,237,11,270,10,
107,3,10,260,H,
107,214,2,270,2,
107,214,2,270,2,
107,160,2,270,DD,
107,217,6,246,1,
107,158,2,240,FF,
107,211,2,230,10,
107,215,2,230,19,
107,94,2,248,CC,
107,94,5,248,LL,
107,98,4,274,FF,
107,215,4,274,12,
107,226,2,274,1,
107,215,4,274,8,
107,226,2,274,1,
107,215,2,274,10,
107,137,2,274,JJ,
107,215,2,274,12,
107,223,2,274,11,
107,223,5,248,10,
107,73,2,275,K,
107,132,4,249,MM,
107,100,4,249,KK,
107,162,6,265,CC,
107,161,2,250,KK,
107,94,4,250,WW,
107,161,4,253,GG,
107,7,4,258,G,
107,135,4,254,FF,
107,99,2,255,EE,
107,79,4,255,K,
107,218,2,255,14,
107,410,3,281,B,
107,136,4,281,FF,
107,214,6,281,11,
107,107,2,281,GG,
107,224,4,281,11,
107,224,4,281,6,
107,110,2,281,JJ,
107,105,2,255,CC,
107,75,2,282,F,
107,215,3,257,2,
107,215,2,239,17,
107,411,3,284,A,
107,216,6,258,4,
107,216,2,285,15,
107,3,8,274,H,
107,139,2,285,DD,
107,7,2,285,K,
107,102,4,285,KK,
107,157,1,258,PP,
107,102,4,285,LL,
107,237,6,285,4,
107,227,5,285,1,
107,107,2,261,FF,
107,107,2,261,GG,
107,160,2,260,JJ,
107,403,2,260,C,
107,94,4,260,SS,
107,225,4,260,9,
107,215,6,260,13,
107,98,3,289,KK,
107,132,1,263,NN,
107,161,2,266,FF,
107,98,4,264,PP,
107,161,4,264,NN,
107,217,4,264,11,
107,211,6,264,10,
107,401,3,292,D,
107,216,2,292,14,
107,402,3,292,C,
107,7,2,292,E,
107,7,2,292,J,
107,71,2,292,E,
107,325,4,292,A,
107,163,10,294,KK,
107,215,2,249,15,
107,6,4,296,G,
107,403,3,296,D,
107,216,2,296,8,
107,106,2,296,DD,
107,126,4,296,JJ,
107,110,2,296,DD,
107,93,4,269,RR,
107,135,2,269,GG,
107,73,2,269,F,
107,124,2,269,NN,
107,161,4,271,JJ,
107,98,4,271,MM,
107,162,8,299,KK,
107,213,12,271,17,
107,239,6,275,49,
107,128,3,272,CC,
107,241,6,275,49,
107,241,1,272,30,
107,242,1,272,30,
107,0,4,272,8,
107,0,2,272,C,
107,3,9,288,G,
107,98,3,272,HH,
107,408,2,272,A,
107,409,3,301,A,
107,6,4,303,D,
107,137,4,303,DD,
107,127,2,277,NN,
107,216,2,303,5,
107,160,3,303,CC,
107,121,2,303,EE,
107,216,2,303,10,
107,216,2,303,11,
107,216,2,303,11,
107,7,2,278,J,
107,7,2,278,K,
107,162,4,278,EE,
107,11,2,278,G,
107,217,2,307,10,
107,217,2,307,2,
107,217,4,307,11,
107,123,4,307,HH,
107,158,2,279,BB,
107,93,4,279,QQ,
107,215,2,259,13,
107,161,2,259,MM,
107,134,4,283,KK,
107,119,1,310,FF,
107,129,2,286,KK,
107,212,2,283,2,
107,104,2,283,DD,
107,161,4,284,GG,
107,139,2,314,CC,
107,4,12,314,J,
107,8,2,314,H,
107,4,14,314,K,
107,7,2,288,E,
107,102,4,288,NN,
107,97,2,318,BB,
107,98,3,288,NN,
107,99,3,288,RR,
107,93,4,288,MM,
107,213,4,288,9,
107,7,2,269,J,
107,77,4,321,L,
107,161,4,291,FF,
107,74,2,293,G,
107,74,4,294,L,
107,6,6,325,F,
107,129,2,292,FF,
107,97,4,325,LL,
107,414,16,295,B,
107,100,2,298,GG,
107,93,4,298,JJ,
107,94,8,329,DD,
107,159,6,298,LL,
107,6,6,329,E,
107,218,2,279,18,
107,7,4,336,E,
107,11,2,306,F,
107,71,2,304,G,
107,161,6,307,PP,
107,98,3,307,LL,
107,216,2,308,8,
107,76,2,340,C,
107,163,6,309,FF,
107,101,2,312,FF,
107,218,2,289,16,
107,404,6,344,C,
107,97,4,347,EE,
107,163,6,348,CC,
107,102,6,317,JJ,
107,218,2,299,14,
107,162,12,322,PP,
107,9,4,324,H,
107,216,4,358,1,
107,238,2,338,14,
107,310,2,321,4,
107,218,2,309,12,
107,9,2,336,E,
107,158,4,336,EE,
107,409,5,336,B,
107,164,8,336,LL,
107,7,4,336,D,
107,12,4,379,H,
107,407,5,346,D,
107,119,4,346,HH,
107,133,4,346,KK,
107,74,4,384,H,
107,158,4,351,CC,
107,160,2,360,DD,
107,157,5,360,PP,
107,405,4,360,D,
107,409,2,360,A,
107,237,4,376,9,
107,209,2,362,5,
107,10,2,381,D,
107,12,4,403,G,
107,56,2,367,K,
107,13,4,384,L,
107,12,1,382,C,
107,9,3,365,1,
107,309,4,365,4,
107,112,2,364,NN,
107,0,2,390,4,
107,408,4,375,B,
107,102,4,407,PP,
107,13,4,417,J,
107,10,2,379,H,
107,61,1,420,D,
107,74,2,384,J,
107,13,2,386,K,
107,49,2,389,M,
107,67,4,404,J,
107,50,1,391,E,
107,72,4,391,H,
107,50,2,435,J,
107,129,4,402,NN,
107,14,4,435,J,
107,66,4,414,L,
107,47,2,403,F,
107,9,2,379,M,
107,242,2,408,1,
107,54,2,424,F,
107,9,4,408,G,
107,16,2,410,C,
107,37,2,438,G,
107,9,2,394,L,
107,67,4,468,M,
107,10,4,427,K,
107,51,1,472,F,
107,67,2,446,A,
107,802,2,445,5,
107,100,4,432,QQ,
107,163,4,432,FF,
107,63,4,479,J,
107,9,2,409,J,
107,51,2,429,C,
107,52,4,429,G,
107,64,2,429,E,
107,38,1,440,G,
107,62,4,490,H,
107,307,4,483,3,
107,97,2,453,FF,
107,0,4,471,22,
107,20,4,458,E,
107,20,4,458,F,
107,409,10,456,D,
107,66,4,505,J,
107,52,2,505,D,
107,239,4,467,29,
107,226,2,467,12,
107,19,2,458,D,
107,802,2,460,3,
107,66,4,512,F,
107,12,2,516,A,
107,9,3,521,B,
107,9,3,521,B,
107,59,4,523,L,
107,80,4,524,C,
107,47,2,480,M,
107,410,6,480,D,
107,410,4,480,C,
107,38,2,534,D,
107,60,4,534,K,
107,43,4,534,J,
107,54,4,549,M,
107,50,4,571,L,
107,55,2,571,B,
107,65,4,578,E,
107,65,4,578,F,
107,51,1,592,B,
107,109,2,564,AA,
107,236,2,586,12,
107,236,2,586,12,
107,236,4,586,19,
107,210,2,586,17,
107,231,2,586,5,
107,204,4,586,6,
107,205,1,586,13,
107,13,2,600,A,
107,78,4,600,A,
107,15,4,543,L,
107,34,2,615,H,
107,46,3,624,M,
107,80,2,576,D,
107,21,4,637,G,
107,25,2,578,F,
107,39,4,655,L,
107,500,4,681,1,
107,50,3,681,F,
107,36,4,688,J,
107,210,3,658,10,
107,570,2,634,1,
107,34,4,634,M,
107,49,2,640,A,
107,0,2,655,2,
107,909,8,664,3,
107,30,4,743,M,
107,34,2,747,B,
107,909,5,677,2,
107,35,2,754,K,
107,32,4,765,G,
107,39,3,769,D,
107,64,4,734,C,
107,21,6,843,H,
107,36,2,846,A,
107,102,3,768,RR,
107,555,2,758,2,
107,546,1,794,3,
107,33,4,908,B,
107,805,4,919,5,
107,82,3,863,G,
107,82,10,864,K,
107,15,4,864,H,
107,9,8,864,L,
107,30,2,941,H,
107,39,3,941,M,
107,232,2,941,10,
107,232,4,941,10,
107,28,4,942,L,
107,23,4,942,E,
107,9,8,912,K,
107,51,3,955,M,
107,102,4,959,MM,
107,216,4,959,12,
107,225,2,959,16,
107,573,4,1439,2,
107,701,2,1632,5,
107,702,2,1632,6,
107,701,4,1639,3,
107,909,4,1668,1,
107,569,4,1823,1,
107,539,3,2202,3,
107,203,3,4435,8,
107,237,4,5028,12-Nov,
107,226,3,150,17,
107,215,2,180,14,
107,6,2,199,F,
107,220,2,225,18,
107,160,4,250,MM,